"title","rowDescription"
"Home",""
"Home",""
"Home",""
"Home",""
"Home",""
"Home",""
"Home",""
"Unterkunft",""
"Accommodation",""
"Logement",""
"Alloggio",""
"Szállás",""
"Accommodatie",""
"размещение",""
"Preise",""
"Prices",""
"Prix",""
"Prezzi",""
"Árak",""
"Prijzen",""
"цены",""
"Anfrage",""
"Request",""
"Enquête",""
"Richiesta",""
"Arajánlatkérés",""
"Aanvraag",""
"запрос",""
"Buchen",""
"Booking",""
"Réserver",""
"Prenotare",""
"Foglaljon online",""
"Boek",""
"бронировать",""
404,""
404,""
"metaNavi",""